"Id","Path","Slice Name","Alias(s)","Label","Min","Max","Must Support?","Is Modifier?","Is Summary?","Type(s)","Short","Definition","Comments","Requirements","Default Value","Meaning When Missing","Fixed Value","Pattern","Example","Minimum Value","Maximum Value","Maximum Length","Binding Strength","Binding Description","Binding Value Set","Code","Slicing Discriminator","Slicing Description","Slicing Ordered","Slicing Rules","Base Path","Base Min","Base Max","Condition(s)","Constraint(s)","Mapping: FiveWs Pattern Mapping","Mapping: RIM Mapping","Mapping: Object Implementation Information"
"CodeSystem","CodeSystem","","","",0,*,"","","","null {[]} {[]}
","Declares the existence of and describes a code system or code system supplement","The CodeSystem resource is used to declare the existence of and describe a code system or code system supplement and its key properties, and optionally define a part or all of its content.","","","","","","","","","",,,,,"",,,,"CodeSystem",0,*,"","cnl-0:Name should be usable as an identifier for the module by machine processing applications such as code generation {name.exists() implies name.matches('^[A-Z]([A-Za-z0-9_]){1,254}$')}
csd-1:Within a code system definition, all the codes SHALL be unique {concept.exists() implies concept.code.combine(%resource.concept.descendants().concept.code).isDistinct()}csd-2:If there is an explicit hierarchy, a hierarchyMeaning should be provided {concept.concept.exists() implies hierarchyMeaning.exists()}csd-3:If there is an implicit hierarchy, a hierarchyMeaning should be provided {concept.where(property.code = 'parent' or property.code = 'child').exists() implies hierarchyMeaning.exists()}csd-4:If the code system content = supplement, it must nominate what it's a supplement for {CodeSystem.content = 'supplement' implies CodeSystem.supplements.exists()}","conformance.behavior,conformance.terminology","N/A"
"CodeSystem.id","CodeSystem.id","","","",0,1,"","","Y","id {[]} {[]}
","Logical id of this artifact","The logical id of the resource, as used in the URL for the resource. Once assigned, this value never changes.","Within the context of the FHIR RESTful interactions, the resource has an id except for cases like the create and conditional update. Otherwise, the use of the resouce id depends on the given use case.","","","","","","","","",,,,,"",,,,"Resource.id",0,1,"",""
"CodeSystem.meta","CodeSystem.meta","","","",0,1,"","","Y","Meta {[]} {[]}
","Metadata about the resource","The metadata about the resource. This is content that is maintained by the infrastructure. Changes to the content might not always be associated with version changes to the resource.","","","","","","","","","",,,,,"",,,,"Resource.meta",0,1,"","ele-1:All FHIR elements must have a @value or children {hasValue() or (children().count() > id.count())}
"
"CodeSystem.implicitRules","CodeSystem.implicitRules","","","",0,1,"","Y","Y","uri {[]} {[]}
","A set of rules under which this content was created","A reference to a set of rules that were followed when the resource was constructed, and which must be understood when processing the content. Often, this is a reference to an implementation guide that defines the special rules along with other profiles etc.","Asserting this rule set restricts the content to be only understood by a limited set of trading partners. This inherently limits the usefulness of the data in the long term. However, the existing health eco-system is highly fractured, and not yet ready to define, collect, and exchange data in a generally computable sense. Wherever possible, implementers and/or specification writers should avoid using this element. Often, when used, the URL is a reference to an implementation guide that defines these special rules as part of its narrative along with other profiles, value sets, etc.","","","","","","","","",,,,,"",,,,"Resource.implicitRules",0,1,"","ele-1:All FHIR elements must have a @value or children {hasValue() or (children().count() > id.count())}
"
"CodeSystem.language","CodeSystem.language","","","",0,1,"","","","code {[]} {[]}
","Language of the resource content","The base language in which the resource is written.","Language is provided to support indexing and accessibility (typically, services such as text to speech use the language tag). The html language tag in the narrative applies  to the narrative. The language tag on the resource may be used to specify the language of other presentations generated from the data in the resource. Not all the content has to be in the base language. The Resource.language should not be assumed to apply to the narrative automatically. If a language is specified, it should it also be specified on the div element in the html (see rules in HTML5 for information about the relationship between xml:lang and the html lang attribute).","","","","","","","","",,"required","IETF language tag for a human language","http://hl7.org/fhir/ValueSet/all-languages|5.0.0","",,,,"Resource.language",0,1,"","ele-1:All FHIR elements must have a @value or children {hasValue() or (children().count() > id.count())}
"
"CodeSystem.text","CodeSystem.text","","narrative
htmlxhtmldisplay","",0,1,"","","","Narrative {[]} {[]}
","Text summary of the resource, for human interpretation","A human-readable narrative that contains a summary of the resource and can be used to represent the content of the resource to a human. The narrative need not encode all the structured data, but is required to contain sufficient detail to make it ""clinically safe"" for a human to just read the narrative. Resource definitions may define what content should be represented in the narrative to ensure clinical safety.","Contained resources do not have a narrative. Resources that are not contained SHOULD have a narrative. In some cases, a resource may only have text with little or no additional discrete data (as long as all minOccurs=1 elements are satisfied).  This may be necessary for data from legacy systems where information is captured as a ""text blob"" or where text is additionally entered raw or narrated and encoded information is added later.","","","","","","","","",,,,,"",,,,"DomainResource.text",0,1,"dom-6
","ele-1:All FHIR elements must have a @value or children {hasValue() or (children().count() > id.count())}
","Act.text?"
"CodeSystem.contained","CodeSystem.contained","","inline resources
anonymous resourcescontained resources","",0,*,"","","","Resource {[]} {[]}
","Contained, inline Resources","These resources do not have an independent existence apart from the resource that contains them - they cannot be identified independently, nor can they have their own independent transaction scope. This is allowed to be a Parameters resource if and only if it is referenced by a resource that provides context/meaning.","This should never be done when the content can be identified properly, as once identification is lost, it is extremely difficult (and context dependent) to restore it again. Contained resources may have profiles and tags in their meta elements, but SHALL NOT have security labels.","","","","","","","","",,,,,"",,,,"DomainResource.contained",0,*,"dom-2
dom-4dom-3dom-5","","N/A"
"CodeSystem.extension","CodeSystem.extension","","extensions
user content","",0,*,"","","","Extension {[]} {[]}
","Additional content defined by implementations","May be used to represent additional information that is not part of the basic definition of the resource. To make the use of extensions safe and managable, there is a strict set of governance applied to the definition and use of extensions. Though any implementer can define an extension, there is a set of requirements that SHALL be met as part of the definition of the extension.","There can be no stigma associated with the use of extensions by any application, project, or standard - regardless of the institution or jurisdiction that uses or defines the extensions.  The use of extensions is what allows the FHIR specification to retain a core level of simplicity for everyone.","","","","","","","","",,,,,"",,,,"DomainResource.extension",0,*,"","ele-1:All FHIR elements must have a @value or children {hasValue() or (children().count() > id.count())}
ext-1:Must have either extensions or value[x], not both {extension.exists() != value.exists()}","N/A"
"CodeSystem.modifierExtension","CodeSystem.modifierExtension","","extensions
user content","",0,*,"","Y","Y","Extension {[]} {[]}
","Extensions that cannot be ignored","May be used to represent additional information that is not part of the basic definition of the resource and that modifies the understanding of the element that contains it and/or the understanding of the containing element's descendants. Usually modifier elements provide negation or qualification. To make the use of extensions safe and managable, there is a strict set of governance applied to the definition and use of extensions. Though any implementer is allowed to define an extension, there is a set of requirements that SHALL be met as part of the definition of the extension. Applications processing a resource are required to check for modifier extensions.

Modifier extensions SHALL NOT change the meaning of any elements on Resource or DomainResource (including cannot change the meaning of modifierExtension itself).","There can be no stigma associated with the use of extensions by any application, project, or standard - regardless of the institution or jurisdiction that uses or defines the extensions.  The use of extensions is what allows the FHIR specification to retain a core level of simplicity for everyone.","Modifier extensions allow for extensions that *cannot* be safely ignored to be clearly distinguished from the vast majority of extensions which can be safely ignored.  This promotes interoperability by eliminating the need for implementers to prohibit the presence of extensions. For further information, see the [definition of modifier extensions](http://hl7.org/fhir/R5/extensibility.html#modifierExtension).","","","","","","","",,,,,"",,,,"DomainResource.modifierExtension",0,*,"","ele-1:All FHIR elements must have a @value or children {hasValue() or (children().count() > id.count())}
ext-1:Must have either extensions or value[x], not both {extension.exists() != value.exists()}","N/A"
"CodeSystem.url","CodeSystem.url","","","",0,1,"","","Y","uri {[]} {[]}
","Canonical identifier for this code system, represented as a URI (globally unique) (Coding.system)","An absolute URI that is used to identify this code system when it is referenced in a specification, model, design or an instance; also called its canonical identifier. This SHOULD be globally unique and SHOULD be a literal address at which an authoritative instance of this code system is (or will be) published. This URL can be the target of a canonical reference. It SHALL remain the same when the code system is stored on different servers. This is used in [Coding](http://hl7.org/fhir/R5/datatypes.html#Coding).system.","Can be a urn:uuid: or a urn:oid: but real http: addresses are preferred.  Multiple instances may share the same URL if they have a distinct version.

The determination of when to create a new version of a resource (same url, new version) vs. defining a new artifact is up to the author.  Considerations for making this decision are found in [Technical and Business Versions](http://hl7.org/fhir/R5/resource.html#versions). 

In some cases, the resource can no longer be found at the stated url, but the url itself cannot change. Implementations can use the [meta.source](http://hl7.org/fhir/R5/resource.html#meta) element to indicate where the current master source of the resource can be found.","Allows the code system to be referenced by a single globally unique identifier.","","","","","","","",,,,,"",,,,"CodeSystem.url",0,1,"","cnl-1:URL should not contain | or # - these characters make processing canonical references problematic {exists() implies matches('^[^|# ]+$')}
ele-1:All FHIR elements must have a @value or children {hasValue() or (children().count() > id.count())}","FiveWs.identifier"
"CodeSystem.identifier","CodeSystem.identifier","","","",0,*,"","","Y","Identifier {[]} {[]}
","Additional identifier for the code system (business identifier)","A formal identifier that is used to identify this code system when it is represented in other formats, or referenced in a specification, model, design or an instance.","Typically, this is used for identifiers that can go in an HL7 V3 II (instance identifier) data type, and can then identify this code system outside of FHIR, where it is not possible to use the logical URI.  Note that HL7 defines at least three identifiers for many of its code systems - the FHIR canonical URL, the OID and the V2 Table 0396 mnemonic code.","Allows externally provided and/or usable business identifiers to be easily associated with the module.","","","","","","","",,,,,"",,,,"CodeSystem.identifier",0,*,"","ele-1:All FHIR elements must have a @value or children {hasValue() or (children().count() > id.count())}
","FiveWs.identifier","no-gen-base"
"CodeSystem.version","CodeSystem.version","","","",0,1,"","","Y","string {[]} {[]}
","Business version of the code system (Coding.version)","The identifier that is used to identify this version of the code system when it is referenced in a specification, model, design or instance. This is an arbitrary value managed by the code system author and is not expected to be globally unique. For example, it might be a timestamp (e.g. yyyymmdd) if a managed version is not available. There is also no expectation that versions can be placed in a lexicographical sequence. This is used in [Coding](http://hl7.org/fhir/R5/datatypes.html#Coding).version.","There may be different code system instances that have the same identifier but different versions.  The version can be appended to the url in a reference to allow a reference to a particular business version of the code system with the format [url]|[version]. The version SHOULD NOT contain a '#' - see [Business Version](http://hl7.org/fhir/R5/resource.html#bv-format).","","","","","","","","",,,,,"",,,,"CodeSystem.version",0,1,"","ele-1:All FHIR elements must have a @value or children {hasValue() or (children().count() > id.count())}
","FiveWs.version"
"CodeSystem.versionAlgorithm[x]","CodeSystem.versionAlgorithm[x]","","","",0,1,"","","Y","string {[]} {[]}
Coding {[]} {[]}","How to compare versions","Indicates the mechanism used to compare versions to determine which CodeSystem is more current.","If set as a string, this is a FHIRPath expression that has two additional context variables passed in - %version1 and %version2 and will return a negative number if version1 is newer, a positive number if version2 and a 0 if the version ordering can't be successfully be determined.","","","","","","","","",,"extensible","","http://hl7.org/fhir/ValueSet/version-algorithm","",,,,"CodeSystem.versionAlgorithm[x]",0,1,"","ele-1:All FHIR elements must have a @value or children {hasValue() or (children().count() > id.count())}
"
"CodeSystem.name","CodeSystem.name","","","",0,1,"","","Y","string {[]} {[]}
","Name for this code system (computer friendly)","A natural language name identifying the code system. This name should be usable as an identifier for the module by machine processing applications such as code generation.","The name is not expected to be globally unique. The name should be a simple alphanumeric type name to ensure that it is machine-processing friendly.","Support human navigation and code generation.","","","","","","","",,,,,"",,,,"CodeSystem.name",0,1,"cnl-0
","ele-1:All FHIR elements must have a @value or children {hasValue() or (children().count() > id.count())}
"
"CodeSystem.title","CodeSystem.title","","","",0,1,"","","Y","string {[]} {[]}
","Name for this code system (human friendly)","A short, descriptive, user-friendly title for the code system.","This name does not need to be machine-processing friendly and may contain punctuation, white-space, etc.","","","","","","","","",,,,,"",,,,"CodeSystem.title",0,1,"","ele-1:All FHIR elements must have a @value or children {hasValue() or (children().count() > id.count())}
"
"CodeSystem.status","CodeSystem.status","","","",1,1,"","Y","Y","code {[]} {[]}
","draft | active | retired | unknown","The status of this code system. Enables tracking the life-cycle of the content.","Allows filtering of code systems that are appropriate for use versus not.

See guidance around (not) making local changes to elements [here](http://hl7.org/fhir/R5/canonicalresource.html#localization).","","","","","","","","",,"required","The lifecycle status of an artifact.","http://hl7.org/fhir/ValueSet/publication-status|5.0.0","",,,,"CodeSystem.status",1,1,"","ele-1:All FHIR elements must have a @value or children {hasValue() or (children().count() > id.count())}
","FiveWs.status"
"CodeSystem.experimental","CodeSystem.experimental","","","",0,1,"","","Y","boolean {[]} {[]}
","For testing purposes, not real usage","A Boolean value to indicate that this code system is authored for testing purposes (or education/evaluation/marketing) and is not intended to be used for genuine usage.","Allows filtering of code systems that are appropriate for use versus not.","Enables experimental content to be developed following the same lifecycle that would be used for a production-level code system.","","If absent, this resource is treated as though it is not experimental.","","","","","",,,,,"",,,,"CodeSystem.experimental",0,1,"","ele-1:All FHIR elements must have a @value or children {hasValue() or (children().count() > id.count())}
","FiveWs.class"
"CodeSystem.date","CodeSystem.date","","Revision Date
","",0,1,"","","Y","dateTime {[]} {[]}
","Date last changed","The date  (and optionally time) when the code system was last significantly changed. The date must change when the business version changes and it must change if the status code changes. In addition, it should change when the substantive content of the code system changes.","The date is often not tracked until the resource is published, but may be present on draft content. Note that this is not the same as the resource last-modified-date, since the resource may be a secondary representation of the code system. Additional specific dates may be added as extensions or be found by consulting Provenances associated with past versions of the resource.

See guidance around (not) making local changes to elements [here](http://hl7.org/fhir/R5/canonicalresource.html#localization).","","","","","","","","",,,,,"",,,,"CodeSystem.date",0,1,"","ele-1:All FHIR elements must have a @value or children {hasValue() or (children().count() > id.count())}
","FiveWs.recorded"
"CodeSystem.publisher","CodeSystem.publisher","","","",0,1,"","","Y","string {[]} {[]}
","Name of the publisher/steward (organization or individual)","The name of the organization or individual responsible for the release and ongoing maintenance of the code system.","Usually an organization but may be an individual. The publisher (or steward) of the code system is the organization or individual primarily responsible for the maintenance and upkeep of the code system. This is not necessarily the same individual or organization that developed and initially authored the content. The publisher is the primary point of contact for questions or issues with the code system. This item SHOULD be populated unless the information is available from context.","Helps establish the ""authority/credibility"" of the code system.  May also allow for contact.","","","","","","","",,,,,"",,,,"CodeSystem.publisher",0,1,"","ele-1:All FHIR elements must have a @value or children {hasValue() or (children().count() > id.count())}
","FiveWs.witness"
"CodeSystem.contact","CodeSystem.contact","","","",0,*,"","","Y","ContactDetail {[]} {[]}
","Contact details for the publisher","Contact details to assist a user in finding and communicating with the publisher.","May be a web site, an email address, a telephone number, etc.

See guidance around (not) making local changes to elements [here](http://hl7.org/fhir/R5/canonicalresource.html#localization).","","","","","","","","",,,,,"",,,,"CodeSystem.contact",0,*,"","ele-1:All FHIR elements must have a @value or children {hasValue() or (children().count() > id.count())}
"
"CodeSystem.description","CodeSystem.description","","Scope
Purpose","",0,1,"","","","markdown {[]} {[]}
","Natural language description of the code system","A free text natural language description of the code system from a consumer's perspective.","This description can be used to capture details such as comments about misuse, instructions for clinical use and interpretation, literature references, examples from the paper world, etc. It is not a rendering of the code system as conveyed in the 'text' field of the resource itself. This item SHOULD be populated unless the information is available from context (e.g. the language of the code system is presumed to be the predominant language in the place the code system was created).","","","","","","","","",,,,,"",,,,"CodeSystem.description",0,1,"","ele-1:All FHIR elements must have a @value or children {hasValue() or (children().count() > id.count())}
","N/A"
"CodeSystem.useContext","CodeSystem.useContext","","","",0,*,"","","Y","UsageContext {[]} {[]}
","The context that the content is intended to support","The content was developed with a focus and intent of supporting the contexts that are listed. These contexts may be general categories (gender, age, ...) or may be references to specific programs (insurance plans, studies, ...) and may be used to assist with indexing and searching for appropriate code system instances.","When multiple useContexts are specified, there is no expectation that all or any of the contexts apply.","Assist in searching for appropriate content.","","","","","","","",,,,,"",,,,"CodeSystem.useContext",0,*,"","ele-1:All FHIR elements must have a @value or children {hasValue() or (children().count() > id.count())}
"
"CodeSystem.jurisdiction","CodeSystem.jurisdiction","","","",0,*,"","","Y","CodeableConcept {[]} {[]}
","Intended jurisdiction for code system (if applicable)","A legal or geographic region in which the code system is intended to be used.","It may be possible for the code system to be used in jurisdictions other than those for which it was originally designed or intended.

DEPRECATION NOTE: For consistency, implementations are encouraged to migrate to using the new 'jurisdiction' code in the useContext element.  (I.e. useContext.code indicating http://terminology.hl7.org/CodeSystem/usage-context-type#jurisdiction and useContext.valueCodeableConcept indicating the jurisdiction.)","","","","","","","","",,"extensible","Countries and regions within which this artifact is targeted for use.","http://hl7.org/fhir/ValueSet/jurisdiction","",,,,"CodeSystem.jurisdiction",0,*,"","ele-1:All FHIR elements must have a @value or children {hasValue() or (children().count() > id.count())}
"
"CodeSystem.purpose","CodeSystem.purpose","","","",0,1,"","","","markdown {[]} {[]}
","Why this code system is defined","Explanation of why this code system is needed and why it has been designed as it has.","This element does not describe the usage of the code system. Instead, it provides traceability of ''why'' the resource is either needed or ''why'' it is defined as it is.  This may be used to point to source materials or specifications that drove the structure of this code system.","","","","","","","","",,,,,"",,,,"CodeSystem.purpose",0,1,"","ele-1:All FHIR elements must have a @value or children {hasValue() or (children().count() > id.count())}
","FiveWs.why[x]","no-gen-base"
"CodeSystem.copyright","CodeSystem.copyright","","License
Restrictions","",0,1,"","","","markdown {[]} {[]}
","Use and/or publishing restrictions","A copyright statement relating to the code system and/or its contents. Copyright statements are generally legal restrictions on the use and publishing of the code system.","... Sometimes, the copyright differs between the code system and the codes that are included. The copyright statement should clearly differentiate between these when required.","Consumers must be able to determine any legal restrictions on the use of the code system and/or its content.","","","","","","","",,,,,"",,,,"CodeSystem.copyright",0,1,"","ele-1:All FHIR elements must have a @value or children {hasValue() or (children().count() > id.count())}
","no-gen-base"
"CodeSystem.copyrightLabel","CodeSystem.copyrightLabel","","","",0,1,"","","","string {[]} {[]}
","Copyright holder and year(s)","A short string (<50 characters), suitable for inclusion in a page footer that identifies the copyright holder, effective period, and optionally whether rights are resctricted. (e.g. 'All rights reserved', 'Some rights reserved').","The (c) symbol should NOT be included in this string. It will be added by software when rendering the notation. Full details about licensing, restrictions, warrantees, etc. goes in the more general 'copyright' element.","Defines the content expected to be rendered in all representations of the artifact.","","","","","","","",,,,,"",,,,"CodeSystem.copyrightLabel",0,1,"","ele-1:All FHIR elements must have a @value or children {hasValue() or (children().count() > id.count())}
"
"CodeSystem.approvalDate","CodeSystem.approvalDate","","","",0,1,"","","","date {[]} {[]}
","When the CodeSystem was approved by publisher","The date on which the resource content was approved by the publisher. Approval happens once when the content is officially approved for usage.","The 'date' element may be more recent than the approval date because of minor changes or editorial corrections.

See guidance around (not) making local changes to elements [here](http://hl7.org/fhir/R5/canonicalresource.html#localization).","","","","","","","","",,,,,"",,,,"CodeSystem.approvalDate",0,1,"","ele-1:All FHIR elements must have a @value or children {hasValue() or (children().count() > id.count())}
","no-gen-base"
"CodeSystem.lastReviewDate","CodeSystem.lastReviewDate","","","",0,1,"","","","date {[]} {[]}
","When the CodeSystem was last reviewed by the publisher","The date on which the resource content was last reviewed. Review happens periodically after approval but does not change the original approval date.","If specified, this date follows the original approval date.

See guidance around (not) making local changes to elements [here](http://hl7.org/fhir/R5/canonicalresource.html#localization).","Gives a sense of how ""current"" the content is.  Resources that have not been reviewed in a long time may have a risk of being less appropriate/relevant.","","","","","","","",,,,,"",,,,"CodeSystem.lastReviewDate",0,1,"","ele-1:All FHIR elements must have a @value or children {hasValue() or (children().count() > id.count())}
","no-gen-base"
"CodeSystem.effectivePeriod","CodeSystem.effectivePeriod","","","",0,1,"","","Y","Period {[]} {[]}
","When the CodeSystem is expected to be used","The period during which the CodeSystem content was or is planned to be in active use.","The effective period for a CodeSystem  determines when the content is applicable for usage and is independent of publication and review dates. For example, a system intended to be used for the year 2016 might be published in 2015.

See guidance around (not) making local changes to elements [here](http://hl7.org/fhir/R5/canonicalresource.html#localization).","Allows establishing a transition before a resource comes into effect and also allows for a sunsetting  process when new versions of the CodeSystem are or are expected to be used instead.","","","","","","","",,,,,"",,,,"CodeSystem.effectivePeriod",0,1,"","ele-1:All FHIR elements must have a @value or children {hasValue() or (children().count() > id.count())}
","no-gen-base"
"CodeSystem.topic","CodeSystem.topic","","","",0,*,"","","","CodeableConcept {[]} {[]}
","E.g. Education, Treatment, Assessment, etc","Descriptions related to the content of the CodeSystem. Topics provide a high-level categorization as well as keywords for the CodeSystem that can be useful for filtering and searching.","DEPRECATION NOTE: For consistency, implementations are encouraged to migrate to using the new 'topic' code in the useContext element.  (I.e. useContext.code indicating http://terminology.hl7.org/CodeSystem/usage-context-type#topic and useContext.valueCodeableConcept indicating the topic)","Repositories must be able to determine how to categorize the CodeSystem so that it can be found by topical and keyword searches.","","","","","","","",,"example","","http://hl7.org/fhir/ValueSet/definition-topic","",,,,"CodeSystem.topic",0,*,"","ele-1:All FHIR elements must have a @value or children {hasValue() or (children().count() > id.count())}
"
"CodeSystem.author","CodeSystem.author","","","",0,*,"","","","ContactDetail {[]} {[]}
","Who authored the CodeSystem","An individiual or organization primarily involved in the creation and maintenance of the CodeSystem.","","","","","","","","","",,,,,"",,,,"CodeSystem.author",0,*,"","ele-1:All FHIR elements must have a @value or children {hasValue() or (children().count() > id.count())}
"
"CodeSystem.editor","CodeSystem.editor","","","",0,*,"","","","ContactDetail {[]} {[]}
","Who edited the CodeSystem","An individual or organization primarily responsible for internal coherence of the CodeSystem.","","","","","","","","","",,,,,"",,,,"CodeSystem.editor",0,*,"","ele-1:All FHIR elements must have a @value or children {hasValue() or (children().count() > id.count())}
"
"CodeSystem.reviewer","CodeSystem.reviewer","","","",0,*,"","","","ContactDetail {[]} {[]}
","Who reviewed the CodeSystem","An individual or organization asserted by the publisher to be primarily responsible for review of some aspect of the CodeSystem.","See guidance around (not) making local changes to elements [here](http://hl7.org/fhir/R5/canonicalresource.html#localization).","","","","","","","","",,,,,"",,,,"CodeSystem.reviewer",0,*,"","ele-1:All FHIR elements must have a @value or children {hasValue() or (children().count() > id.count())}
"
"CodeSystem.endorser","CodeSystem.endorser","","","",0,*,"","","","ContactDetail {[]} {[]}
","Who endorsed the CodeSystem","An individual or organization asserted by the publisher to be responsible for officially endorsing the CodeSystem for use in some setting.","See guidance around (not) making local changes to elements [here](http://hl7.org/fhir/R5/canonicalresource.html#localization).","","","","","","","","",,,,,"",,,,"CodeSystem.endorser",0,*,"","ele-1:All FHIR elements must have a @value or children {hasValue() or (children().count() > id.count())}
"
"CodeSystem.relatedArtifact","CodeSystem.relatedArtifact","","","",0,*,"","","","RelatedArtifact {[]} {[]}
","Additional documentation, citations, etc","Related artifacts such as additional documentation, justification, dependencies, bibliographic references, and predecessor and successor artifacts.","Each related artifact is either an attachment, or a reference to another resource, but not both.","A CodeSystem must be able to provide enough information for consumers of the content (and/or interventions or results produced by the content) to be able to determine and understand the justification for and evidence in support of the content.","","","","","","","",,,,,"",,,,"CodeSystem.relatedArtifact",0,*,"","ele-1:All FHIR elements must have a @value or children {hasValue() or (children().count() > id.count())}
"
"CodeSystem.caseSensitive","CodeSystem.caseSensitive","","","",0,1,"","","Y","boolean {[]} {[]}
","If code comparison is case sensitive","If code comparison is case sensitive when codes within this system are compared to each other.","If this value is missing, then it is not specified whether a code system is case sensitive or not. When the rule is not known, Postel's law should be followed: produce codes with the correct case, and accept codes in any case. This element is primarily provided to support validation software.","","","","","","","","",,,,,"",,,,"CodeSystem.caseSensitive",0,1,"","ele-1:All FHIR elements must have a @value or children {hasValue() or (children().count() > id.count())}
"
"CodeSystem.valueSet","CodeSystem.valueSet","","","",0,1,"","","Y","canonical {[]} {[CanonicalType[http://hl7.org/fhir/StructureDefinition/ValueSet]]}
","Canonical reference to the value set with entire code system","Canonical reference to the value set that contains all codes in the code system independent of code status.","The definition of the value set SHALL include all codes from this code system, independent of concept status, and only codes from this code system. It SHALL be immutable, and operations SHOULD support validation of any allowed code compositions.","","","","","","","","",,,,,"",,,,"CodeSystem.valueSet",0,1,"","ele-1:All FHIR elements must have a @value or children {hasValue() or (children().count() > id.count())}
"
"CodeSystem.hierarchyMeaning","CodeSystem.hierarchyMeaning","","","",0,1,"","","Y","code {[]} {[]}
","grouped-by | is-a | part-of | classified-with","The meaning of the hierarchy of concepts as represented in this resource.","Note that other representations might have a different hierarchy or none at all, and represent the information using properties.","","","","","","","","",,"required","The meaning of the hierarchy of concepts in a code system.","http://hl7.org/fhir/ValueSet/codesystem-hierarchy-meaning|5.0.0","",,,,"CodeSystem.hierarchyMeaning",0,1,"csd-2
csd-3","ele-1:All FHIR elements must have a @value or children {hasValue() or (children().count() > id.count())}
"
"CodeSystem.compositional","CodeSystem.compositional","","grammar
","",0,1,"","","Y","boolean {[]} {[]}
","If code system defines a compositional grammar","The code system defines a compositional (post-coordination) grammar.","Note that the code system resource does not define what the compositional grammar is, only whether or not there is one.","","","","","","","","",,,,,"",,,,"CodeSystem.compositional",0,1,"","ele-1:All FHIR elements must have a @value or children {hasValue() or (children().count() > id.count())}
"
"CodeSystem.versionNeeded","CodeSystem.versionNeeded","","","",0,1,"","","Y","boolean {[]} {[]}
","If definitions are not stable","This flag is used to signify that the code system does not commit to concept permanence across versions. If true, a version must be specified when referencing this code system.","Best practice is that code systems do not redefine concepts, or that if concepts are redefined, a new code system definition is created. But this is not always possible, so some code systems may be defined as 'versionNeeded'.

Most code systems occasionally refine the displays defined for concepts between versions. Contexts in which the concept display values are validated may require that the version be specified for some code systems irrespective of the value of this property.","","","","","","","","",,,,,"",,,,"CodeSystem.versionNeeded",0,1,"","ele-1:All FHIR elements must have a @value or children {hasValue() or (children().count() > id.count())}
"
"CodeSystem.content","CodeSystem.content","","","",1,1,"","","Y","code {[]} {[]}
","not-present | example | fragment | complete | supplement","The extent of the content of the code system (the concepts and codes it defines) are represented in this resource instance.","","","","","","","","","",,"required","The extent of the content of the code system (the concepts and codes it defines) are represented in a code system resource.","http://hl7.org/fhir/ValueSet/codesystem-content-mode|5.0.0","",,,,"CodeSystem.content",1,1,"csd-4
","ele-1:All FHIR elements must have a @value or children {hasValue() or (children().count() > id.count())}
"
"CodeSystem.supplements","CodeSystem.supplements","","","",0,1,"","","Y","canonical {[]} {[CanonicalType[http://hl7.org/fhir/StructureDefinition/CodeSystem]]}
","Canonical URL of Code System this adds designations and properties to","The canonical URL of the code system that this code system supplement is adding designations and properties to.","The most common use of a code system supplement is to add additional language support.","","","","","","","","",,,,,"",,,,"CodeSystem.supplements",0,1,"csd-4
","ele-1:All FHIR elements must have a @value or children {hasValue() or (children().count() > id.count())}
"
"CodeSystem.count","CodeSystem.count","","","",0,1,"","","Y","unsignedInt {[]} {[]}
","Total concepts in the code system","The total number of concepts defined by the code system. Where the code system has a compositional grammar, the basis of this count is defined by the system steward.","The count of concepts defined in this resource cannot be more than this value but may be less for several reasons - see the content element.","","","","","","","","",,,,,"",,,,"CodeSystem.count",0,1,"","ele-1:All FHIR elements must have a @value or children {hasValue() or (children().count() > id.count())}
"
"CodeSystem.filter","CodeSystem.filter","","","",0,*,"","","Y","BackboneElement {[]} {[]}
","Filter that can be used in a value set","A filter that can be used in a value set compose statement when selecting concepts using a filter.","Note that filters defined in code systems usually require custom code on the part of any terminology engine that will make them available for use in value set filters. For this reason, they are generally only seen in high value published terminologies.","","","","","","","","",,,,,"",,,,"CodeSystem.filter",0,*,"","ele-1:All FHIR elements must have a @value or children {hasValue() or (children().count() > id.count())}
"
"CodeSystem.filter.id","CodeSystem.filter.id","","","",0,1,"","","","string {[]} {[]}
","Unique id for inter-element referencing","Unique id for the element within a resource (for internal references). This may be any string value that does not contain spaces.","","","","","","","","","",,,,,"",,,,"Element.id",0,1,"ele-1
","","n/a"
"CodeSystem.filter.extension","CodeSystem.filter.extension","","extensions
user content","",0,*,"","","","Extension {[]} {[]}
","Additional content defined by implementations","May be used to represent additional information that is not part of the basic definition of the element. To make the use of extensions safe and managable, there is a strict set of governance applied to the definition and use of extensions. Though any implementer can define an extension, there is a set of requirements that SHALL be met as part of the definition of the extension.","There can be no stigma associated with the use of extensions by any application, project, or standard - regardless of the institution or jurisdiction that uses or defines the extensions.  The use of extensions is what allows the FHIR specification to retain a core level of simplicity for everyone.","","","","","","","","",,,,,"",,,,"Element.extension",0,*,"","ele-1:All FHIR elements must have a @value or children {hasValue() or (children().count() > id.count())}
ext-1:Must have either extensions or value[x], not both {extension.exists() != value.exists()}","n/a"
"CodeSystem.filter.modifierExtension","CodeSystem.filter.modifierExtension","","extensions
user contentmodifiers","",0,*,"","Y","Y","Extension {[]} {[]}
","Extensions that cannot be ignored even if unrecognized","May be used to represent additional information that is not part of the basic definition of the element and that modifies the understanding of the element in which it is contained and/or the understanding of the containing element's descendants. Usually modifier elements provide negation or qualification. To make the use of extensions safe and managable, there is a strict set of governance applied to the definition and use of extensions. Though any implementer can define an extension, there is a set of requirements that SHALL be met as part of the definition of the extension. Applications processing a resource are required to check for modifier extensions.

Modifier extensions SHALL NOT change the meaning of any elements on Resource or DomainResource (including cannot change the meaning of modifierExtension itself).","There can be no stigma associated with the use of extensions by any application, project, or standard - regardless of the institution or jurisdiction that uses or defines the extensions.  The use of extensions is what allows the FHIR specification to retain a core level of simplicity for everyone.","Modifier extensions allow for extensions that *cannot* be safely ignored to be clearly distinguished from the vast majority of extensions which can be safely ignored.  This promotes interoperability by eliminating the need for implementers to prohibit the presence of extensions. For further information, see the [definition of modifier extensions](http://hl7.org/fhir/R5/extensibility.html#modifierExtension).","","","","","","","",,,,,"",,,,"BackboneElement.modifierExtension",0,*,"","ele-1:All FHIR elements must have a @value or children {hasValue() or (children().count() > id.count())}
ext-1:Must have either extensions or value[x], not both {extension.exists() != value.exists()}","N/A"
"CodeSystem.filter.code","CodeSystem.filter.code","","","",1,1,"","","Y","code {[]} {[]}
","Code that identifies the filter","The code that identifies this filter when it is used as a filter in [ValueSet](http://hl7.org/fhir/R5/valueset.html#).compose.include.filter.","","","","","","","","","",,,,,"",,,,"CodeSystem.filter.code",1,1,"","ele-1:All FHIR elements must have a @value or children {hasValue() or (children().count() > id.count())}
"
"CodeSystem.filter.description","CodeSystem.filter.description","","","",0,1,"","","Y","string {[]} {[]}
","How or why the filter is used","A description of how or why the filter is used.","","","","","","","","","",,,,,"",,,,"CodeSystem.filter.description",0,1,"","ele-1:All FHIR elements must have a @value or children {hasValue() or (children().count() > id.count())}
"
"CodeSystem.filter.operator","CodeSystem.filter.operator","","","",1,*,"","","Y","code {[]} {[]}
","= | is-a | descendent-of | is-not-a | regex | in | not-in | generalizes | child-of | descendent-leaf | exists","A list of operators that can be used with the filter.","","","","","","","","","",,"required","The kind of operation to perform as a part of a property based filter.","http://hl7.org/fhir/ValueSet/filter-operator|5.0.0","",,,,"CodeSystem.filter.operator",1,*,"","ele-1:All FHIR elements must have a @value or children {hasValue() or (children().count() > id.count())}
"
"CodeSystem.filter.value","CodeSystem.filter.value","","","",1,1,"","","Y","string {[]} {[]}
","What to use for the value","A description of what the value for the filter should be.","","","","","","","","","",,,,,"",,,,"CodeSystem.filter.value",1,1,"","ele-1:All FHIR elements must have a @value or children {hasValue() or (children().count() > id.count())}
"
"CodeSystem.property","CodeSystem.property","","","",0,*,"","","Y","BackboneElement {[]} {[]}
","Additional information supplied about each concept","A property defines an additional slot through which additional information can be provided about a concept.","Multiple occurrences of CodeSystem.concept.property may occur for a CodeSystem.property where     CodeSystem.concept.property.code is the same and CodeSystem.concept.property.value differs. For example: multiple designations for a single concept.","","","","","","","","",,,,,"",,,,"CodeSystem.property",0,*,"","ele-1:All FHIR elements must have a @value or children {hasValue() or (children().count() > id.count())}
"
"CodeSystem.property.id","CodeSystem.property.id","","","",0,1,"","","","string {[]} {[]}
","Unique id for inter-element referencing","Unique id for the element within a resource (for internal references). This may be any string value that does not contain spaces.","","","","","","","","","",,,,,"",,,,"Element.id",0,1,"ele-1
","","n/a"
"CodeSystem.property.extension","CodeSystem.property.extension","","extensions
user content","",0,*,"","","","Extension {[]} {[]}
","Additional content defined by implementations","May be used to represent additional information that is not part of the basic definition of the element. To make the use of extensions safe and managable, there is a strict set of governance applied to the definition and use of extensions. Though any implementer can define an extension, there is a set of requirements that SHALL be met as part of the definition of the extension.","There can be no stigma associated with the use of extensions by any application, project, or standard - regardless of the institution or jurisdiction that uses or defines the extensions.  The use of extensions is what allows the FHIR specification to retain a core level of simplicity for everyone.","","","","","","","","",,,,,"",,,,"Element.extension",0,*,"","ele-1:All FHIR elements must have a @value or children {hasValue() or (children().count() > id.count())}
ext-1:Must have either extensions or value[x], not both {extension.exists() != value.exists()}","n/a"
"CodeSystem.property.modifierExtension","CodeSystem.property.modifierExtension","","extensions
user contentmodifiers","",0,*,"","Y","Y","Extension {[]} {[]}
","Extensions that cannot be ignored even if unrecognized","May be used to represent additional information that is not part of the basic definition of the element and that modifies the understanding of the element in which it is contained and/or the understanding of the containing element's descendants. Usually modifier elements provide negation or qualification. To make the use of extensions safe and managable, there is a strict set of governance applied to the definition and use of extensions. Though any implementer can define an extension, there is a set of requirements that SHALL be met as part of the definition of the extension. Applications processing a resource are required to check for modifier extensions.

Modifier extensions SHALL NOT change the meaning of any elements on Resource or DomainResource (including cannot change the meaning of modifierExtension itself).","There can be no stigma associated with the use of extensions by any application, project, or standard - regardless of the institution or jurisdiction that uses or defines the extensions.  The use of extensions is what allows the FHIR specification to retain a core level of simplicity for everyone.","Modifier extensions allow for extensions that *cannot* be safely ignored to be clearly distinguished from the vast majority of extensions which can be safely ignored.  This promotes interoperability by eliminating the need for implementers to prohibit the presence of extensions. For further information, see the [definition of modifier extensions](http://hl7.org/fhir/R5/extensibility.html#modifierExtension).","","","","","","","",,,,,"",,,,"BackboneElement.modifierExtension",0,*,"","ele-1:All FHIR elements must have a @value or children {hasValue() or (children().count() > id.count())}
ext-1:Must have either extensions or value[x], not both {extension.exists() != value.exists()}","N/A"
"CodeSystem.property.code","CodeSystem.property.code","","","",1,1,"","","Y","code {[]} {[]}
","Identifies the property on the concepts, and when referred to in operations","A code that is used to identify the property. The code is used internally (in CodeSystem.concept.property.code) and also externally, such as in property filters.","","","","","","","","","",,,,,"",,,,"CodeSystem.property.code",1,1,"","ele-1:All FHIR elements must have a @value or children {hasValue() or (children().count() > id.count())}
"
"CodeSystem.property.uri","CodeSystem.property.uri","","","",0,1,"","","Y","uri {[]} {[]}
","Formal identifier for the property","Reference to the formal meaning of the property. One possible source of meaning is the [Concept Properties](http://hl7.org/fhir/R5/codesystem-concept-properties.html) code system.","","","","","","","","","",,,,,"",,,,"CodeSystem.property.uri",0,1,"","ele-1:All FHIR elements must have a @value or children {hasValue() or (children().count() > id.count())}
"
"CodeSystem.property.description","CodeSystem.property.description","","","",0,1,"","","Y","string {[]} {[]}
","Why the property is defined, and/or what it conveys","A description of the property- why it is defined, and how its value might be used.","","","","","","","","","",,,,,"",,,,"CodeSystem.property.description",0,1,"","ele-1:All FHIR elements must have a @value or children {hasValue() or (children().count() > id.count())}
"
"CodeSystem.property.type","CodeSystem.property.type","","","",1,1,"","","Y","code {[]} {[]}
","code | Coding | string | integer | boolean | dateTime | decimal","The type of the property value. Properties of type ""code"" contain a code defined by the code system (e.g. a reference to another defined concept).","","","","","","","","","",,"required","The type of a property value.","http://hl7.org/fhir/ValueSet/concept-property-type|5.0.0","",,,,"CodeSystem.property.type",1,1,"","ele-1:All FHIR elements must have a @value or children {hasValue() or (children().count() > id.count())}
"
"CodeSystem.concept","CodeSystem.concept","","","",0,*,"","","","BackboneElement {[]} {[]}
","Concepts in the code system","Concepts that are in the code system. The concept definitions are inherently hierarchical, but the definitions must be consulted to determine what the meanings of the hierarchical relationships are.","If this is empty, it means that the code system resource does not represent the content of the code system.","","","","","","","","",,,,,"",,,,"CodeSystem.concept",0,*,"csd-1
","ele-1:All FHIR elements must have a @value or children {hasValue() or (children().count() > id.count())}
"
"CodeSystem.concept.id","CodeSystem.concept.id","","","",0,1,"","","","string {[]} {[]}
","Unique id for inter-element referencing","Unique id for the element within a resource (for internal references). This may be any string value that does not contain spaces.","","","","","","","","","",,,,,"",,,,"Element.id",0,1,"ele-1
","","n/a"
"CodeSystem.concept.extension","CodeSystem.concept.extension","","extensions
user content","",0,*,"","","","Extension {[]} {[]}
","Additional content defined by implementations","May be used to represent additional information that is not part of the basic definition of the element. To make the use of extensions safe and managable, there is a strict set of governance applied to the definition and use of extensions. Though any implementer can define an extension, there is a set of requirements that SHALL be met as part of the definition of the extension.","There can be no stigma associated with the use of extensions by any application, project, or standard - regardless of the institution or jurisdiction that uses or defines the extensions.  The use of extensions is what allows the FHIR specification to retain a core level of simplicity for everyone.","","","","","","","","",,,,,"",,,,"Element.extension",0,*,"","ele-1:All FHIR elements must have a @value or children {hasValue() or (children().count() > id.count())}
ext-1:Must have either extensions or value[x], not both {extension.exists() != value.exists()}","n/a"
"CodeSystem.concept.modifierExtension","CodeSystem.concept.modifierExtension","","extensions
user contentmodifiers","",0,*,"","Y","Y","Extension {[]} {[]}
","Extensions that cannot be ignored even if unrecognized","May be used to represent additional information that is not part of the basic definition of the element and that modifies the understanding of the element in which it is contained and/or the understanding of the containing element's descendants. Usually modifier elements provide negation or qualification. To make the use of extensions safe and managable, there is a strict set of governance applied to the definition and use of extensions. Though any implementer can define an extension, there is a set of requirements that SHALL be met as part of the definition of the extension. Applications processing a resource are required to check for modifier extensions.

Modifier extensions SHALL NOT change the meaning of any elements on Resource or DomainResource (including cannot change the meaning of modifierExtension itself).","There can be no stigma associated with the use of extensions by any application, project, or standard - regardless of the institution or jurisdiction that uses or defines the extensions.  The use of extensions is what allows the FHIR specification to retain a core level of simplicity for everyone.","Modifier extensions allow for extensions that *cannot* be safely ignored to be clearly distinguished from the vast majority of extensions which can be safely ignored.  This promotes interoperability by eliminating the need for implementers to prohibit the presence of extensions. For further information, see the [definition of modifier extensions](http://hl7.org/fhir/R5/extensibility.html#modifierExtension).","","","","","","","",,,,,"",,,,"BackboneElement.modifierExtension",0,*,"","ele-1:All FHIR elements must have a @value or children {hasValue() or (children().count() > id.count())}
ext-1:Must have either extensions or value[x], not both {extension.exists() != value.exists()}","N/A"
"CodeSystem.concept.code","CodeSystem.concept.code","","","",1,1,"","","","code {[]} {[]}
","Code that identifies concept","A code - a text symbol - that uniquely identifies the concept within the code system.","","","","","","","","","",,,,,"",,,,"CodeSystem.concept.code",1,1,"csd-1
","ele-1:All FHIR elements must have a @value or children {hasValue() or (children().count() > id.count())}
"
"CodeSystem.concept.display","CodeSystem.concept.display","","","",0,1,"","","","string {[]} {[]}
","Text to display to the user","A human readable string that is the recommended default way to present this concept to a user.","","","","","","","","","",,,,,"",,,,"CodeSystem.concept.display",0,1,"","ele-1:All FHIR elements must have a @value or children {hasValue() or (children().count() > id.count())}
"
"CodeSystem.concept.definition","CodeSystem.concept.definition","","","",0,1,"","","","string {[]} {[]}
","Formal definition","The formal definition of the concept. The code system resource does not make formal definitions required, because of the prevalence of legacy systems. However, they are highly recommended, as without them there is no formal meaning associated with the concept.","","","","","","","","","",,,,,"",,,,"CodeSystem.concept.definition",0,1,"","ele-1:All FHIR elements must have a @value or children {hasValue() or (children().count() > id.count())}
"
"CodeSystem.concept.designation","CodeSystem.concept.designation","","","",0,*,"","","","BackboneElement {[]} {[]}
","Additional representations for the concept","Additional representations for the concept - other languages, aliases, specialized purposes, used for particular purposes, etc.","Concepts have both a ```display``` and an array of ```designation```. The display is equivalent to a special designation with an implied ```designation.use``` of ""primary code"" and a language equal to the [Resource Language](http://hl7.org/fhir/R5/resource.html#language).","Many concept definition systems support multiple representations, in multiple languages, and for multiple purposes.","","","","","","","",,,,,"",,,,"CodeSystem.concept.designation",0,*,"","csd-5:Must have a value for concept.designation.use if concept.designation.additionalUse is present {additionalUse.exists() implies use.exists()}
ele-1:All FHIR elements must have a @value or children {hasValue() or (children().count() > id.count())}"
"CodeSystem.concept.designation.id","CodeSystem.concept.designation.id","","","",0,1,"","","","string {[]} {[]}
","Unique id for inter-element referencing","Unique id for the element within a resource (for internal references). This may be any string value that does not contain spaces.","","","","","","","","","",,,,,"",,,,"Element.id",0,1,"ele-1
","","n/a"
"CodeSystem.concept.designation.extension","CodeSystem.concept.designation.extension","","extensions
user content","",0,*,"","","","Extension {[]} {[]}
","Additional content defined by implementations","May be used to represent additional information that is not part of the basic definition of the element. To make the use of extensions safe and managable, there is a strict set of governance applied to the definition and use of extensions. Though any implementer can define an extension, there is a set of requirements that SHALL be met as part of the definition of the extension.","There can be no stigma associated with the use of extensions by any application, project, or standard - regardless of the institution or jurisdiction that uses or defines the extensions.  The use of extensions is what allows the FHIR specification to retain a core level of simplicity for everyone.","","","","","","","","",,,,,"",,,,"Element.extension",0,*,"","ele-1:All FHIR elements must have a @value or children {hasValue() or (children().count() > id.count())}
ext-1:Must have either extensions or value[x], not both {extension.exists() != value.exists()}","n/a"
"CodeSystem.concept.designation.modifierExtension","CodeSystem.concept.designation.modifierExtension","","extensions
user contentmodifiers","",0,*,"","Y","Y","Extension {[]} {[]}
","Extensions that cannot be ignored even if unrecognized","May be used to represent additional information that is not part of the basic definition of the element and that modifies the understanding of the element in which it is contained and/or the understanding of the containing element's descendants. Usually modifier elements provide negation or qualification. To make the use of extensions safe and managable, there is a strict set of governance applied to the definition and use of extensions. Though any implementer can define an extension, there is a set of requirements that SHALL be met as part of the definition of the extension. Applications processing a resource are required to check for modifier extensions.

Modifier extensions SHALL NOT change the meaning of any elements on Resource or DomainResource (including cannot change the meaning of modifierExtension itself).","There can be no stigma associated with the use of extensions by any application, project, or standard - regardless of the institution or jurisdiction that uses or defines the extensions.  The use of extensions is what allows the FHIR specification to retain a core level of simplicity for everyone.","Modifier extensions allow for extensions that *cannot* be safely ignored to be clearly distinguished from the vast majority of extensions which can be safely ignored.  This promotes interoperability by eliminating the need for implementers to prohibit the presence of extensions. For further information, see the [definition of modifier extensions](http://hl7.org/fhir/R5/extensibility.html#modifierExtension).","","","","","","","",,,,,"",,,,"BackboneElement.modifierExtension",0,*,"","ele-1:All FHIR elements must have a @value or children {hasValue() or (children().count() > id.count())}
ext-1:Must have either extensions or value[x], not both {extension.exists() != value.exists()}","N/A"
"CodeSystem.concept.designation.language","CodeSystem.concept.designation.language","","","",0,1,"","","","code {[]} {[]}
","Human language of the designation","The language this designation is defined for.","In the absence of a language, the resource language applies.","","","","","","","","",,"required","IETF language tag for a human language","http://hl7.org/fhir/ValueSet/all-languages|5.0.0","",,,,"CodeSystem.concept.designation.language",0,1,"","ele-1:All FHIR elements must have a @value or children {hasValue() or (children().count() > id.count())}
"
"CodeSystem.concept.designation.use","CodeSystem.concept.designation.use","","","",0,1,"","","","Coding {[]} {[]}
","Details how this designation would be used","A code that details how this designation would be used.","If no use is provided, the designation can be assumed to be suitable for general display to a human user.","","","","","","","","",,"extensible","Details of how a designation would be used.","http://hl7.org/fhir/ValueSet/designation-use","",,,,"CodeSystem.concept.designation.use",0,1,"csd-5
","ele-1:All FHIR elements must have a @value or children {hasValue() or (children().count() > id.count())}
"
"CodeSystem.concept.designation.additionalUse","CodeSystem.concept.designation.additionalUse","","","",0,*,"","","","Coding {[]} {[]}
","Additional ways how this designation would be used","Additional codes that detail how this designation would be used, if there is more than one use.","This was added rather than increasing the cardinality of .use to 0..* in order to maintain backward compatibility.","","","","","","","","",,"extensible","Details of how a designation would be used.","http://hl7.org/fhir/ValueSet/designation-use","",,,,"CodeSystem.concept.designation.additionalUse",0,*,"csd-5
","ele-1:All FHIR elements must have a @value or children {hasValue() or (children().count() > id.count())}
"
"CodeSystem.concept.designation.value","CodeSystem.concept.designation.value","","","",1,1,"","","","string {[]} {[]}
","The text value for this designation","The text value for this designation.","","","","","","","","","",,,,,"",,,,"CodeSystem.concept.designation.value",1,1,"","ele-1:All FHIR elements must have a @value or children {hasValue() or (children().count() > id.count())}
"
"CodeSystem.concept.property","CodeSystem.concept.property","","","",0,*,"","","","BackboneElement {[]} {[]}
","Property value for the concept","A property value for this concept.","","","","","","","","","",,,,,"",,,,"CodeSystem.concept.property",0,*,"","ele-1:All FHIR elements must have a @value or children {hasValue() or (children().count() > id.count())}
"
"CodeSystem.concept.property.id","CodeSystem.concept.property.id","","","",0,1,"","","","string {[]} {[]}
","Unique id for inter-element referencing","Unique id for the element within a resource (for internal references). This may be any string value that does not contain spaces.","","","","","","","","","",,,,,"",,,,"Element.id",0,1,"ele-1
","","n/a"
"CodeSystem.concept.property.extension","CodeSystem.concept.property.extension","","extensions
user content","",0,*,"","","","Extension {[]} {[]}
","Additional content defined by implementations","May be used to represent additional information that is not part of the basic definition of the element. To make the use of extensions safe and managable, there is a strict set of governance applied to the definition and use of extensions. Though any implementer can define an extension, there is a set of requirements that SHALL be met as part of the definition of the extension.","There can be no stigma associated with the use of extensions by any application, project, or standard - regardless of the institution or jurisdiction that uses or defines the extensions.  The use of extensions is what allows the FHIR specification to retain a core level of simplicity for everyone.","","","","","","","","",,,,,"",,,,"Element.extension",0,*,"","ele-1:All FHIR elements must have a @value or children {hasValue() or (children().count() > id.count())}
ext-1:Must have either extensions or value[x], not both {extension.exists() != value.exists()}","n/a"
"CodeSystem.concept.property.modifierExtension","CodeSystem.concept.property.modifierExtension","","extensions
user contentmodifiers","",0,*,"","Y","Y","Extension {[]} {[]}
","Extensions that cannot be ignored even if unrecognized","May be used to represent additional information that is not part of the basic definition of the element and that modifies the understanding of the element in which it is contained and/or the understanding of the containing element's descendants. Usually modifier elements provide negation or qualification. To make the use of extensions safe and managable, there is a strict set of governance applied to the definition and use of extensions. Though any implementer can define an extension, there is a set of requirements that SHALL be met as part of the definition of the extension. Applications processing a resource are required to check for modifier extensions.

Modifier extensions SHALL NOT change the meaning of any elements on Resource or DomainResource (including cannot change the meaning of modifierExtension itself).","There can be no stigma associated with the use of extensions by any application, project, or standard - regardless of the institution or jurisdiction that uses or defines the extensions.  The use of extensions is what allows the FHIR specification to retain a core level of simplicity for everyone.","Modifier extensions allow for extensions that *cannot* be safely ignored to be clearly distinguished from the vast majority of extensions which can be safely ignored.  This promotes interoperability by eliminating the need for implementers to prohibit the presence of extensions. For further information, see the [definition of modifier extensions](http://hl7.org/fhir/R5/extensibility.html#modifierExtension).","","","","","","","",,,,,"",,,,"BackboneElement.modifierExtension",0,*,"","ele-1:All FHIR elements must have a @value or children {hasValue() or (children().count() > id.count())}
ext-1:Must have either extensions or value[x], not both {extension.exists() != value.exists()}","N/A"
"CodeSystem.concept.property.code","CodeSystem.concept.property.code","","","",1,1,"","","","code {[]} {[]}
","Reference to CodeSystem.property.code","A code that is a reference to CodeSystem.property.code.","","","","","","","","","",,,,,"",,,,"CodeSystem.concept.property.code",1,1,"csd-3
","ele-1:All FHIR elements must have a @value or children {hasValue() or (children().count() > id.count())}
"
"CodeSystem.concept.property.value[x]","CodeSystem.concept.property.value[x]","","","",1,1,"","","","code {[]} {[]}
Coding {[]} {[]}string {[]} {[]}integer {[]} {[]}boolean {[]} {[]}dateTime {[]} {[]}decimal {[]} {[]}","Value of the property for this concept","The value of this property.","","","","","","","","","",,,,,"",,,,"CodeSystem.concept.property.value[x]",1,1,"","ele-1:All FHIR elements must have a @value or children {hasValue() or (children().count() > id.count())}
"
"CodeSystem.concept.concept","CodeSystem.concept.concept","","","",0,*,"","","","null {[]} {[]}
","Child Concepts (is-a/contains/categorizes)","Defines children of a concept to produce a hierarchy of concepts. The nature of the relationships is variable (is-a/contains/categorizes) - see hierarchyMeaning.","","","","","","","","","",,,,,"",,,,"CodeSystem.concept.concept",0,*,"csd-1
csd-2","ele-1:All FHIR elements must have a @value or children {hasValue() or (children().count() > id.count())}
"
